{
    "/data/data/com.termux/files/home/Aurora_Interface_V1_MAIER_CORE/lex_sprachmenue.py": "8c96aac916eb41d805240cfe1b95d3613367838c4e4042f554e349814d349ef4",
    "/data/data/com.termux/files/home/downloads/aureon_vpnmonster_cleaned.sh": "a58ed0c2e2904add4bb6eaa8c36f241858ab68d92ae69fe0f23dfac142e4d292",
    "/data/data/com.termux/files/home/shadowbyte/[+]": "e3b0c44298fc1c149afbf4c8996fb92427ae41e4649b934ca495991b7852b855",
    "/data/data/com.termux/files/home/shadowbyte/empathie.sh": "293deb1577355fdb91daf32e2a4c13b6bdf6d96822805728a2d27406600cfe20",
    "/data/data/com.termux/files/home/shadowbyte/exploitfinder.sh": "d37eef78a63e731dd82cd936af640a9f9e9a5aa7673cfbe1c466f417c09bfa14",
    "/data/data/com.termux/files/home/shadowbyte/help": "e3b0c44298fc1c149afbf4c8996fb92427ae41e4649b934ca495991b7852b855",
    "/data/data/com.termux/files/home/shadowbyte/index.html": "67a076f7df0f79801f84895f8600c7f13e5124b71f2f668160bc0f0f3b21119d",
    "/data/data/com.termux/files/home/shadowbyte/kneo_system/diagnose/system_check.py": "63cd2c0450bc29dd5947ede8bcfd0fe3bdd58bfe4db830b991a0c18e102f1fe2",
    "/data/data/com.termux/files/home/shadowbyte/kneo_system/spracheingabe/__pycache__/spracheingabe_modul_termux.cpython-312.pyc": "023df256d84e3f3644eba0325f7a6920b02353869da429c410f22ed0b88bbd2f",
    "/data/data/com.termux/files/home/shadowbyte/kneo_system/spracheingabe/spracheingabe_modul_termux.py": "71dff100e251e2573d18f26d7dbcaa91744c20c02b12fe573a4728da090f15f4",
    "/data/data/com.termux/files/home/shadowbyte/kneo_system/spracheingabe/spracherkennung_steuerung.py": "d50ef71a1b58fe8b9c8798595845dcf81cec9b7f303b32e61ad840693ec35eb0",
    "/data/data/com.termux/files/home/shadowbyte/kneo_system/startup/__init__.py": "4ff2c890c60a26a5f1b390064e85dacacfddde861b3d46b5a5251921572e6429",
    "/data/data/com.termux/files/home/shadowbyte/kneo_system/startup/__pycache__/__init__.cpython-312.pyc": "12d097b81cc20e97244fe90027dcd3dc27cdf940e7937afd6193f708c1edc072",
    "/data/data/com.termux/files/home/shadowbyte/kneo_system/startup/__pycache__/start.cpython-312.pyc": "c7b46414be394df8eeb2149cc5dcfc05cb8fb53fa836b9e06d1f4fd7964562d1",
    "/data/data/com.termux/files/home/shadowbyte/kneo_system/startup/start.py": "ca8d964c9cfbd84376c55fed1cab34f7ce94d87ccb99431e707a4c5729be443e",
    "/data/data/com.termux/files/home/shadowbyte/kneo_system/terminal/terminal_menue.py": "f49fd92bf5242d63da6d1aae4878c89e39976478f4b45fab275b3b4bd630c3a7",
    "/data/data/com.termux/files/home/shadowbyte/kommandokern.sh": "69c263a9dc15374df5e06f6fbde75e5da0cafa8a1e8e61b00e72e62894746824",
    "/data/data/com.termux/files/home/shadowbyte/kpiwatch.sh": "d93ed3c1cdaf27d8e2b5496a7bcddb5c5a1b9f2eb7e47890e2e4624aa491c712",
    "/data/data/com.termux/files/home/shadowbyte/main.py": "077e9b77e900232ec50c401e2cda5b254cdc8fee32b23f9057dd4b108c82b44e",
    "/data/data/com.termux/files/home/shadowbyte/modulname.sh": "e3b0c44298fc1c149afbf4c8996fb92427ae41e4649b934ca495991b7852b855",
    "/data/data/com.termux/files/home/shadowbyte/netwatch.sh": "2baca90c0663587fdfc4631338fb40960aee27a8ae6e2c6877f3b2f0f79bc783",
    "/data/data/com.termux/files/home/shadowbyte/observer.sh": "e077f747443a5fb6acb15fe61883e13699c67549ce71fc66bf451e5c3eaf1d0e",
    "/data/data/com.termux/files/home/shadowbyte/quantumshield-3.0/.git/HEAD": "28d25bf82af4c0e2b72f50959b2beb859e3e60b9630a5e8c603dad4ddb2b6e80",
    "/data/data/com.termux/files/home/shadowbyte/quantumshield-3.0/.git/config": "7c9efccec9c92cc95b0154b3a9318eb73de45a8acc8973a33244fc1f3c5cf7e6",
    "/data/data/com.termux/files/home/shadowbyte/quantumshield-3.0/.git/description": "85ab6c163d43a17ea9cf7788308bca1466f1b0a8d1cc92e26e9bf63da4062aee",
    "/data/data/com.termux/files/home/shadowbyte/quantumshield-3.0/.git/hooks/applypatch-msg.sample": "94f95b4ce4df0e89b8e267ec1634d9187c71802b78029833fdce4045aa6f08a5",
    "/data/data/com.termux/files/home/shadowbyte/quantumshield-3.0/.git/hooks/commit-msg.sample": "02c451929405e2422b24650ab4e49db235cc74d2eb5a979ac03d6302d2a22cf2",
    "/data/data/com.termux/files/home/shadowbyte/quantumshield-3.0/.git/hooks/fsmonitor-watchman.sample": "7e46526fc2841b0dcee8c6730d2a819a3826aa0786b25c566507ccf6bcadc1bb",
    "/data/data/com.termux/files/home/shadowbyte/quantumshield-3.0/.git/hooks/post-update.sample": "f8a8e865862e210edfc56488db28ac0386f6f8f9ad08260d15ce26ffa9de89a5",
    "/data/data/com.termux/files/home/shadowbyte/quantumshield-3.0/.git/hooks/pre-applypatch.sample": "e57b877b3902f9d1aede7779c0f84a410fd93cf0e04bddb351503829ddf08840",
    "/data/data/com.termux/files/home/shadowbyte/quantumshield-3.0/.git/hooks/pre-commit.sample": "964431168c0016a3c95a162b33521d34d980926b0e482184dfc599af49b5bfd6",
    "/data/data/com.termux/files/home/shadowbyte/quantumshield-3.0/.git/hooks/pre-merge-commit.sample": "5efbacab709d11ca887672440664e782d4e11f021879f415b68dfeadeae4624e",
    "/data/data/com.termux/files/home/shadowbyte/quantumshield-3.0/.git/hooks/pre-push.sample": "74b00ff982a9de10b548a36682161f01eb40ad8263bbb4cebf5bfcf03ec756ea",
    "/data/data/com.termux/files/home/shadowbyte/quantumshield-3.0/.git/hooks/pre-rebase.sample": "3ff0475974e08ce6d85658b20684f59fd36b02c44f8565fca85785f9aabc0e4f",
    "/data/data/com.termux/files/home/shadowbyte/quantumshield-3.0/.git/hooks/pre-receive.sample": "bf8f6d6f740288cd6553dc2a236e97ee914cacf63c874982756c4cdb23f93bc4",
    "/data/data/com.termux/files/home/shadowbyte/quantumshield-3.0/.git/hooks/prepare-commit-msg.sample": "6920f3f24cd33d57f24c1a5489f2af247c49dc978e96a885e018f867992ae7f8",
    "/data/data/com.termux/files/home/shadowbyte/quantumshield-3.0/.git/hooks/push-to-checkout.sample": "8ff7cb671a9324bd72006d7b1517cc01b798610a59cdaa93ccdc436238f6e881",
    "/data/data/com.termux/files/home/shadowbyte/quantumshield-3.0/.git/hooks/sendemail-validate.sample": "fd1f34006ffad4ab58df6386e8245cdcadb8f5cc3056256a61033246e89320c3",
    "/data/data/com.termux/files/home/shadowbyte/quantumshield-3.0/.git/hooks/update.sample": "af1135f0b538e9f877b21b852f61b17f2cf3661df42b8831bd3b598fdc5f2127",
    "/data/data/com.termux/files/home/shadowbyte/quantumshield-3.0/.git/index": "63f0f56466197d49d88faf255c044cd8fc66c5e3bbcf7ef49bff6986275ade84",
    "/data/data/com.termux/files/home/shadowbyte/quantumshield-3.0/.git/info/exclude": "6671fe83b7a07c8932ee89164d1f2793b2318058eb8b98dc5c06ee0a5a3b0ec1",
    "/data/data/com.termux/files/home/shadowbyte/quantumshield-3.0/.git/logs/HEAD": "5f875c49c4d7afd135eefdc3765cf4ccaa7bdbdc0374b9140c1f99e1b080975e",
    "/data/data/com.termux/files/home/shadowbyte/quantumshield-3.0/.git/logs/refs/heads/main": "5f875c49c4d7afd135eefdc3765cf4ccaa7bdbdc0374b9140c1f99e1b080975e",
    "/data/data/com.termux/files/home/shadowbyte/quantumshield-3.0/.git/logs/refs/remotes/origin/HEAD": "5f875c49c4d7afd135eefdc3765cf4ccaa7bdbdc0374b9140c1f99e1b080975e",
    "/data/data/com.termux/files/home/shadowbyte/quantumshield-3.0/.git/objects/pack/pack-fc86091148b64c965733e9bb3e9d9f643498359d.idx": "d8392374fda28fc2e86cbd22cbac123c08a0435ed2487cc5ff62539fa1c40659",
    "/data/data/com.termux/files/home/shadowbyte/quantumshield-3.0/.git/objects/pack/pack-fc86091148b64c965733e9bb3e9d9f643498359d.pack": "567f680ac8f00c1754990015e4f3e1e03af7038a804ff4db0d500b1c1e531d07",
    "/data/data/com.termux/files/home/shadowbyte/quantumshield-3.0/.git/objects/pack/pack-fc86091148b64c965733e9bb3e9d9f643498359d.rev": "34bc4c03a78749c876539410b538eac733bc73de7b4260863d784f258d30d35b",
    "/data/data/com.termux/files/home/shadowbyte/quantumshield-3.0/.git/packed-refs": "486a72e53dfe5040f3825fb4e7e70eed5dd0e7fd63033a0c1ee45c99f1d3fc0b",
    "/data/data/com.termux/files/home/shadowbyte/quantumshield-3.0/.git/refs/heads/main": "00336c2b202f56e4a8dd6f5e930c40d1b105718a1eb97d27ff8043ed89cf064b",
    "/data/data/com.termux/files/home/shadowbyte/quantumshield-3.0/.git/refs/remotes/origin/HEAD": "2bb6a24aa0fc6c484100f5d51a29bbad841cd2c755f5d93faa204e5dbb4eb2b4",
    "/data/data/com.termux/files/home/shadowbyte/quantumshield-3.0/.gitignore": "605915eaeeec6b0680f28426d46a99d6bb824f219f01632eb0166bcba3505a91",
    "/data/data/com.termux/files/home/shadowbyte/quantumshield-3.0/LICENSE.md": "3803570168bcba7b4ddb5316b0ae8d2394a8e78cc782688b11c8422687f048fb",
    "/data/data/com.termux/files/home/shadowbyte/quantumshield-3.0/README.md": "930e164665f110bf7c92ad99a90757650c2ff5d8fc9dd47f6228c8312dcebb62",
    "/data/data/com.termux/files/home/shadowbyte/quantumshield-3.0/assets/leer.txt": "ea9807cf81871036bcce844597bfe6f884241063cd40146f566d1d14b39ef3f9",
    "/data/data/com.termux/files/home/shadowbyte/quantumshield-3.0/assets/quantumshield_release_qr.png": "5879bf93ccb4576dadcb14bf1c9c875f5b163059c0fe5d9bc65f56fe33ecb5b6",
    "/data/data/com.termux/files/home/shadowbyte/quantumshield-3.0/core/command_core.py": "a0bd786dd6d427f0bbf2d6c98d4ecba5febe1de73d0f4774299579c733f1f1f6",
    "/data/data/com.termux/files/home/shadowbyte/quantumshield-3.0/core/frequenzfeld.py": "fcaa678f98eeaf04a66a33e2a82a85a7c22d2c4dbde50326a0aeb5e98801b29b",
    "/data/data/com.termux/files/home/shadowbyte/quantumshield-3.0/core/lichtschutz.py": "259132b23d9c7c079aac39424f45ea756d29cff9f083c0a07eb63590d55e1ab7",
    "/data/data/com.termux/files/home/shadowbyte/quantumshield-3.0/core/light_react.py": "bdc51c075486f381a2d40083c436297ff09214e5e8a5d2c703bee7316b0934da",
    "/data/data/com.termux/files/home/shadowbyte/quantumshield-3.0/core/netlog.txt": "eb3f234a1656dfc302b2506b745dc0177026da52779c8e13ceb4fa763ceed111",
    "/data/data/com.termux/files/home/shadowbyte/quantumshield-3.0/core/network_defense.py": "5b5eebd1d60db0601331daa552546db54437307a4b6cded4711712934f6e0fbd",
    "/data/data/com.termux/files/home/shadowbyte/quantumshield-3.0/core/shadow_loop.py": "f38f290186f1473ecd3e39f3a8affb093cfc4489ee178ba07cd71e567db21faa",
    "/data/data/com.termux/files/home/shadowbyte/quantumshield-3.0/core/start.py": "098530d9e190269facc387740c402e2ebae98b48d5a2b3642e7ecfa29e774359",
    "/data/data/com.termux/files/home/shadowbyte/quantumshield-3.0/core/start_qs.sh": "ab2d4818558bfc1649f1fce96e8758e22c7e8e38bd33d916bef0da843718099f",
    "/data/data/com.termux/files/home/shadowbyte/quantumshield-3.0/index.html": "4c41585dafec524b176d82ffb417e9a402bcd1e597cf017add8089d2e110c216",
    "/data/data/com.termux/files/home/shadowbyte/shadowbyte.sh": "329811a2d730b029fd4f9a483046427bbae58272162bec937b5b63a40908ab38",
    "/data/data/com.termux/files/home/shadowbyte/shadowroot.sh": "d22121da089628cabe8cae5184d37e73dd54a8eec30e00df0fa4779ef4b899d6",
    "/data/data/com.termux/files/home/shadowbyte/start_kontrollzentrum.sh": "449b39da6d35e61e3e3eb853cbc9bef63611514ad24d6c5b8008cc760c3aa2b5",
    "/data/data/com.termux/files/home/shadowbyte/starter.sh": "023cb7dbf7a41eeaa1a33124d828266bc6922e0509e9e9fba6c90ea80f4a2d18",
    "/data/data/com.termux/files/home/.cargo/registry/src/index.crates.io-1949cf8c6b5b557f/libc-0.2.170/src/unix/aix/mod.rs": "51bbcf76fe8577f9b7addde82f528815dc84c4ce5364d6a41eb32c22ab1d3df0",
    "/data/data/com.termux/files/home/.cargo/registry/src/index.crates.io-1949cf8c6b5b557f/libc-0.2.170/src/unix/aix/powerpc64.rs": "c2315d638bad020e75ef15f85989f8feffb4f38bac4b7e70642031c6ae1fb65d",
    "/data/data/com.termux/files/home/.cargo/registry/src/index.crates.io-1949cf8c6b5b557f/time-macros-0.2.18/src/format_description/lexer.rs": "e2c75f3dda5773a0c8301fdfc0d58a0b833923ba59ac04bcc49fd10aee20496c",
    "/data/data/com.termux/files/home/.cargo/registry/src/index.crates.io-1949cf8c6b5b557f/anyhow-1.0.89/src/kind.rs": "d8cc91e73653049ca0b5593f36aee8632fcc85847b36005b90ecd9a6f0de13cb",
    "/data/data/com.termux/files/home/.cargo/registry/src/index.crates.io-1949cf8c6b5b557f/cargo-config2-0.1.26/src/cfg_expr/expr/lexer.rs": "b4e013145783d4f2bb19f2f4312a302bae7da513d7b43832e3065ad59ecc9d16",
    "/data/data/com.termux/files/home/.cargo/registry/src/index.crates.io-1949cf8c6b5b557f/cargo-config2-0.1.26/src/cfg_expr/tests/lexer.rs": "c80f1369370909fee7e1eea42e55e2a9731d6b4d76842abb0bfa01cda5a4b5d9",
    "/data/data/com.termux/files/home/.cargo/registry/src/index.crates.io-1949cf8c6b5b557f/clap_builder-4.5.7/src/error/kind.rs": "29603c64b8cea7886498afc3f7e7c489505c9820c5159e99d153d57fdafe95ec",
    "/data/data/com.termux/files/home/.cargo/registry/src/index.crates.io-1949cf8c6b5b557f/time-0.3.36/src/format_description/parse/lexer.rs": "fae06f81ace377f716857b60bb5c0d6591123478a99b4c9823f4b19bb3f73af1",
    "/data/data/com.termux/files/home/.cargo/registry/src/index.crates.io-1949cf8c6b5b557f/minijinja-2.5.0/src/compiler/lexer.rs": "38baaade4836658912bcb3e7067a31fe9b694c9b08ff4db2bd055110a289a8d8",
    "/data/data/com.termux/files/home/.cargo/registry/src/index.crates.io-1949cf8c6b5b557f/serde_json-1.0.135/src/lexical/algorithm.rs": "bd6106e5d8875c9ff1c1d57256b459a4f0992d14a0df1a5fffcd3d3cbdccee8c",
    "/data/data/com.termux/files/home/.cargo/registry/src/index.crates.io-1949cf8c6b5b557f/serde_json-1.0.135/src/lexical/bhcomp.rs": "26f39d52008225a6b377d7246d326940d44200e160a7b4652733e712e1a45a04",
    "/data/data/com.termux/files/home/.cargo/registry/src/index.crates.io-1949cf8c6b5b557f/serde_json-1.0.135/src/lexical/bignum.rs": "db688e8112389998d0f91906f6857e28f9b510a8b4065ad476c8e8be2f77becf",
    "/data/data/com.termux/files/home/.cargo/registry/src/index.crates.io-1949cf8c6b5b557f/serde_json-1.0.135/src/lexical/cached.rs": "0e127398691f8042c19cde209e7f4b0161f0f3150342430145929f711e6fdac8",
    "/data/data/com.termux/files/home/.cargo/registry/src/index.crates.io-1949cf8c6b5b557f/serde_json-1.0.135/src/lexical/cached_float80.rs": "0f8f74a22cb7d871322a9893bffd0255ca10bf9dffd13afb2462dd3d7f51805f",
    "/data/data/com.termux/files/home/.cargo/registry/src/index.crates.io-1949cf8c6b5b557f/serde_json-1.0.135/src/lexical/digit.rs": "9502805adbc3da059131d1fac0a802e17065b36cd7472606b3af24e3241d5cb8",
    "/data/data/com.termux/files/home/.cargo/registry/src/index.crates.io-1949cf8c6b5b557f/serde_json-1.0.135/src/lexical/errors.rs": "3d9f6de6245533bcb101dfd718cfed61d59dc293f6768cedae28aa13ace164f5",
    "/data/data/com.termux/files/home/.cargo/registry/src/index.crates.io-1949cf8c6b5b557f/serde_json-1.0.135/src/lexical/exponent.rs": "51f19443008e8884b15c7d5d4b1f1cfbd5673a9d1da02f1af39fcf20e315f01f",
    "/data/data/com.termux/files/home/.cargo/registry/src/index.crates.io-1949cf8c6b5b557f/serde_json-1.0.135/src/lexical/float.rs": "fe356213c92a049f4bef2f58bc0e3a26866ca06b8c1d74d0f961c5b883852cad",
    "/data/data/com.termux/files/home/.cargo/registry/src/index.crates.io-1949cf8c6b5b557f/serde_json-1.0.135/src/lexical/large_powers.rs": "18d697b846b44ecb61bfaaa3b881e0696f9b7bb6be582623e9d3a8a176a48d2f",
    "/data/data/com.termux/files/home/.cargo/registry/src/index.crates.io-1949cf8c6b5b557f/serde_json-1.0.135/src/lexical/large_powers32.rs": "c70b57a727960beec258758a4d4a1050f8eaf3b4e60027c663a2bfb0246e0153",
    "/data/data/com.termux/files/home/.cargo/registry/src/index.crates.io-1949cf8c6b5b557f/serde_json-1.0.135/src/lexical/large_powers64.rs": "e7af83ce3159b5fc4669fc5a231e767d8af21bacaece52a0a48951198965b197",
    "/data/data/com.termux/files/home/.cargo/registry/src/index.crates.io-1949cf8c6b5b557f/serde_json-1.0.135/src/lexical/math.rs": "00519897ba54fb282102549a8c2a973af1f6534fcba1e283436b00141baccc13",
    "/data/data/com.termux/files/home/.cargo/registry/src/index.crates.io-1949cf8c6b5b557f/serde_json-1.0.135/src/lexical/mod.rs": "ace2ccea2cd541f019a84b9eeb3b9ecd88daf6bccbe9edf0eac00b62704f47c4",
    "/data/data/com.termux/files/home/.cargo/registry/src/index.crates.io-1949cf8c6b5b557f/serde_json-1.0.135/src/lexical/num.rs": "2d06111d28616221995f7b4d4f13625b8d902884921268b0e02e544f871a5339",
    "/data/data/com.termux/files/home/.cargo/registry/src/index.crates.io-1949cf8c6b5b557f/serde_json-1.0.135/src/lexical/parse.rs": "c2bfac4c70a19938ced61e991f4ec606764887cf12bac1a0978b5b5318a56aac",
    "/data/data/com.termux/files/home/.cargo/registry/src/index.crates.io-1949cf8c6b5b557f/serde_json-1.0.135/src/lexical/rounding.rs": "4762af3612880b17468ff2a1bb800c8e99f08330ae439699dd53d8dc5463ad13",
    "/data/data/com.termux/files/home/.cargo/registry/src/index.crates.io-1949cf8c6b5b557f/serde_json-1.0.135/src/lexical/shift.rs": "bc1ed053dd63d45ac9c35302f18de9f00d94027f28af4ab749c9248439de832a",
    "/data/data/com.termux/files/home/.cargo/registry/src/index.crates.io-1949cf8c6b5b557f/serde_json-1.0.135/src/lexical/small_powers.rs": "73c56b7b83310c6fefa898fb94771c65bdc251c1579ab105151da43935ea02be",
    "/data/data/com.termux/files/home/.cargo/registry/src/index.crates.io-1949cf8c6b5b557f/serde_json-1.0.135/tests/lexical.rs": "a863468815c2c1f1415b30eef42971604d860e6128e66c39d965322fbc567240",
    "/data/data/com.termux/files/home/.cargo/registry/src/index.crates.io-1949cf8c6b5b557f/serde_json-1.0.135/tests/lexical/algorithm.rs": "da378df9ee24bfa033968d5c94e91b58e52c39bf6c825dec51c3eb7250cc5874",
    "/data/data/com.termux/files/home/.cargo/registry/src/index.crates.io-1949cf8c6b5b557f/serde_json-1.0.135/tests/lexical/exponent.rs": "dc8fa8d05e561ff256f8b09385291768c7f45e5ad6cb878ef9194757aa014386",
    "/data/data/com.termux/files/home/.cargo/registry/src/index.crates.io-1949cf8c6b5b557f/serde_json-1.0.135/tests/lexical/float.rs": "0440f2d85c993bcccd925096d7f4136bf624ffd66b3c7ee565d158390685eb11",
    "/data/data/com.termux/files/home/.cargo/registry/src/index.crates.io-1949cf8c6b5b557f/serde_json-1.0.135/tests/lexical/math.rs": "4142ef090f563df1f6b14c9a4e6d4723535fa816dca3febc94b3423240e9db20",
    "/data/data/com.termux/files/home/.cargo/registry/src/index.crates.io-1949cf8c6b5b557f/serde_json-1.0.135/tests/lexical/num.rs": "e0bdc3b4facd579e9cfdf87c8bae107ed227c63cf9ef920fd85e9febb985c693",
    "/data/data/com.termux/files/home/.cargo/registry/src/index.crates.io-1949cf8c6b5b557f/serde_json-1.0.135/tests/lexical/parse.rs": "a11f09bb003a3a024548008cf78bf76526ed71b00077d1989f45eb8cebc93b9c",
    "/data/data/com.termux/files/home/.cargo/registry/src/index.crates.io-1949cf8c6b5b557f/serde_json-1.0.135/tests/lexical/rounding.rs": "6c56e39ba534616c1b2146e8efa6eb57aed322e683bf23183cd32a61fae6447e",
    "/data/data/com.termux/files/home/.cargo/registry/src/index.crates.io-1949cf8c6b5b557f/libc-0.2.167/src/unix/aix/mod.rs": "4fc9eb4d97b2496aff094754cf6417713b49ca8fea63f29c2bdadd5336cd842b",
    "/data/data/com.termux/files/home/.cargo/registry/src/index.crates.io-1949cf8c6b5b557f/libc-0.2.167/src/unix/aix/powerpc64.rs": "666146ac9e4cb01c49ba046ef470d93499d91c0948d86fdce65fcd6cff6ece14",
    "/data/data/com.termux/files/home/.cargo/registry/src/index.crates.io-1949cf8c6b5b557f/rustix-0.38.41/src/process/kill.rs": "674d06cf065c8045dbefb6fc6437a62b964069599fc03d84e64cc36186b96596",
    "/data/data/com.termux/files/home/.cargo/registry/src/index.crates.io-1949cf8c6b5b557f/openssl-0.10.72/test/aia_test_cert.pem": "9eaf52b5d0023f3be7911938d937ed16fc75d43d14dbe41557a800b0a82f4b1b",
    "/data/data/com.termux/files/home/.cargo/registry/src/index.crates.io-1949cf8c6b5b557f/rfc2047-decoder-1.0.6/src/lexer/encoded_word.rs": "3bd8c2304b48ba9e24f371b7e70b654da585362cebab9813931f4e79cf262b2e",
    "/data/data/com.termux/files/home/.cargo/registry/src/index.crates.io-1949cf8c6b5b557f/rfc2047-decoder-1.0.6/src/lexer/mod.rs": "59142c4482e700f4e393651ce6e4df7eb1b4c920a0926aa61410aefa81ff1c1f",
    "/data/data/com.termux/files/home/.cargo/registry/src/index.crates.io-1949cf8c6b5b557f/redox_users-0.4.5/tests/etc/shadow": "aecc1cba1a7ab65612abc049e2ea32c99401bacefb1259e23f75c004fb75896d",
    "/data/data/com.termux/files/home/.cargo/registry/src/index.crates.io-1949cf8c6b5b557f/yoke-0.7.4/src/kinda_sorta_dangling.rs": "178a8185d03c45dbdccdc574aa95777d52d4a36bb224a0d7bc3f29b5de39576a",
    "/data/data/com.termux/files/home/.cargo/registry/src/index.crates.io-1949cf8c6b5b557f/libc-0.2.172/src/unix/aix/mod.rs": "fa3fa1f33e381f9492321e47f683300460d02fa230f14965ee808eeab2884408",
    "/data/data/com.termux/files/home/.cargo/registry/src/index.crates.io-1949cf8c6b5b557f/libc-0.2.172/src/unix/aix/powerpc64.rs": "c2315d638bad020e75ef15f85989f8feffb4f38bac4b7e70642031c6ae1fb65d",
    "/data/data/com.termux/files/home/lex_lernkern_v1.py": "9615366f47de5b219f74302770e4bbaac9fdcd0c8ffb899db47f40b5f46a6193",
    "/data/data/com.termux/files/home/lex_lernkern_vmax.py": "d668da6b71ccce162fb09c3f272ab686ef83baf20a46a3f698a3f004711a661f",
    "/data/data/com.termux/files/home/lex_sprachsystem.py": "8dd959c82df7e716edaa2f08ed6f7c85e7a9850598a7714be5df7e84c1c7f0bf",
    "/data/data/com.termux/files/home/lex_wissen_vmax.json": "905be1d5a30b87cd17c5eeec581ccd0f1cd25e9f1dba92346703fcd7a02ae241",
    "/data/data/com.termux/files/home/LEX": "b3f064735c61957e996c59e8337eb5c85ab0a6e3c6bcb1e6b25eb036da8910a0",
    "/data/data/com.termux/files/home/LEX_GLOBAL_INTERFACE.py": "4cd598158f7006cec91de347318f5ad945b2ab929ee96703c948af0fb90c38f1",
    "/data/data/com.termux/files/home/LEX_MOBILIUS_MASTER.py": "1f7ab7d9e8ef10fc068401a59dc672fe1b1e57ccca15e0164f588e162c2a5f25",
    "/data/data/com.termux/files/home/LEX_TRUTH_SCANNER.py": "832ceab9bebbc8b60417df9d6dcbe2d471f6798726f1c4322b283e36537cd8e1",
    "/data/data/com.termux/files/home/__pycache__/lex_antworten.cpython-312.pyc": "4893fccef4c2e5efed7c824a8d06c154cf93295a084581a3c5f467ba891ead9d",
    "/data/data/com.termux/files/home/jotmalex.py": "a769342148c2a4b15ba99b76a47d37f66395b137712a484483f6874217e2a33b",
    "/data/data/com.termux/files/home/kifade_log.txt": "33042fac3020627ee6cbc238f0dfdcee3087ca2c8f629d802882ca46dcab74e8",
    "/data/data/com.termux/files/home/lex_aktivierung_terminal.sh": "6f18444281ac26eced21b4d0f2cffd0e127656eb2d6ac663c933a2bf31d88db6",
    "/data/data/com.termux/files/home/lex_antworten.py": "ca8555eb89a6e82288dca5b1d65e42894f9525dd62aa3c1bb99165ca1313cc5f",
    "/data/data/com.termux/files/home/lex_global_log.txt": "904102548b3b62ee2a095c6f0694119d3a47cd1862a06b01346a3a2f2b1e34a1",
    "/data/data/com.termux/files/home/lex_herz/gespraeche/2025-04-19/dialog.log": "2ed3e6fe3012caac129b28a61d8cda3b5adf28e079b460009ae9b587cd21756e",
    "/data/data/com.termux/files/home/lex_herz/gespraeche/2025-04-19/inhaltsverzeichnis.txt": "4ad7deccef4394ee8f8876fb8d01ed9d24e3a127006bb23ae3880941c2e06196",
    "/data/data/com.termux/files/home/lex_herz/gespraeche/2025-04-19_20-21.log": "92986d409125f0a9e6082e3ee9026268d181547c4405ebf793eae950269ffbe3",
    "/data/data/com.termux/files/home/lex_herz/gespraeche/2025-04-20/dialog.log": "2ddac3dccf1afe43434ce683816b7fea9cf3b3ccccd4ed5eb87730f3c972eda8",
    "/data/data/com.termux/files/home/lex_herz/gespraeche/2025-04-20/inhaltsverzeichnis.txt": "95f8b6c1069e3201238434fa7b354cc9d7874cb808f2491b2e331aa5745ef53b",
    "/data/data/com.termux/files/home/lex_herz/gespraeche/2025-04-22/dialog.log": "46994acb05bd8d5440cc4cd1789bdb98cdfe9b12e4db84e167d29508385c4512",
    "/data/data/com.termux/files/home/lex_herz/gespraeche/2025-04-22/inhaltsverzeichnis.txt": "49a1b084af775f4986b88c9669e02cc8961a7edb81dc70e18703d2746c51cd56",
    "/data/data/com.termux/files/home/lex_herz/gespraeche/2025-04-26/dialog.log": "83495db5ea23493339710dc509aef5276e15fa31b3dde080eafd614d9fd39c22",
    "/data/data/com.termux/files/home/lex_herz/gespraeche/2025-04-30/dialog.log": "c04d9b669b4947581305faaf3b8e638e2aa0aa7c959f73abc9f15eb410665cfb",
    "/data/data/com.termux/files/home/lex_herz/gespraeche/2025-04-30/inhaltsverzeichnis.txt": "fd67c0ce99926eda78714e3ecf263e6b9e36c3750ed01b7691c21ced9a9a2ef0",
    "/data/data/com.termux/files/home/lex_herz/gespraeche/2025-06-15/dialog.log": "bd7045eebe0f1b099acc57fdab28a4236b612c54a4a36b1f0b8abb27139dba39",
    "/data/data/com.termux/files/home/lex_herz/gespraeche/2025-06-15/inhaltsverzeichnis.txt": "5e31c70e3c8e5824455ee476b4d74295d1846e5eb283ae76f80a21b2be792ca7",
    "/data/data/com.termux/files/home/lex_herz/letzter_dialog.pfad": "8546000d683baaddaa522badda24240fc37fc4c83799c9cdebafc5bb3ee96cb4",
    "/data/data/com.termux/files/home/lex_herz/lexikon/basiswissen.txt": "4d8d1b05d3e2003d68dd8bf2da2a836fa76f9b52c370076c96a60b889b47445e",
    "/data/data/com.termux/files/home/lex_herz/mission/kneo.txt": "3242a3cdb6355d4739e872ffbbd843acb7d0819c0be840ab5ee66e7e1316c3b8",
    "/data/data/com.termux/files/home/lex_herz/mission/lex.txt": "6cc124f91bc57f2a56847bd875b070940ef6ea233a3adf3c72b67c1650d78acd",
    "/data/data/com.termux/files/home/lex_herz/qnsh/echo_1745087135.log": "a7ab255238a78631f94a4fa3506767f0109401dce2b3fa08deb5c03a39aebbf2",
    "/data/data/com.termux/files/home/lex_herz/schutzstatus.txt": "509986f27374efa789eebda4e9788056fb3012bdf89b5888165fea1708a5f866",
    "/data/data/com.termux/files/home/lex_kommandomen\u00fc_final.sh": "aaad7978cc687d9674b3d462cee3b2fc4b7aba9e6faf1e7be4d836572d3a7778",
    "/data/data/com.termux/files/home/lex_quantumkern.sh": "e7e33bc7d984f80ebb9c8b1313d3938739edba71c5c7e2a53aa8c6ef67184185",
    "/data/data/com.termux/files/home/lex_start_log.txt": "883222256f8064964a298419557da8e607b17c70eceaa05386e32fd4b2c09d4a",
    "/data/data/com.termux/files/home/lex_terminal.py": "cec2e5819cc3f446f5d8fb66fac488767d93e01814e7f8cf62728cdd5fa45cc0",
    "/data/data/com.termux/files/home/lex_terminal_menu.sh": "5b0c47227cd112fd63fdb405ec7619051b9de76b78f94523c1732e215fa60706",
    "/data/data/com.termux/files/home/lex_terminal_v2.sh": "11ebb730f3de5bbb3d4aef95e4aa7dab115eb072bc0e0200033e2bcd78165276",
    "/data/data/com.termux/files/home/lex_universal_handbuch.md": "950dc142b3a5558791dd387dd1cac9ef07c3c997ae9bf6b973c50bd715e8503e",
    "/data/data/com.termux/files/home/shadowbyte_vpn_activate.py": "f4515edaafa623dc18ef751945d08f4b67397dc0c6b48a09794046271676abd9",
    "/data/data/com.termux/files/home/vpn_profiles/ShadowByte_OVPN.ovpn": "ed4d78158c70b035aafc485387ae6cdb2ecf0b15222ba5b57d0b6677d00edb47",
    "/data/data/com.termux/files/home/whisper.cpp/build/lex_sprachloop.sh": "8326e3e19481c3ea8a31736806a9a377a6008b12d7496b1188209aa993b3234d",
    "/data/data/com.termux/files/home/whisper.cpp/lex_ganzheit.sh": "94e3e1a6dcb3945d77853eb631947a8f8cb5f76ccd2db7648a2dd69cce2ceff0",
    "/data/data/com.termux/files/home/whisper.cpp/lex_letzterdialog.sh": "7afbb2fa07ba5cf1e3f28300c7de149ad7693a83c1280e4924d11d6bd82de3d9",
    "/data/data/com.termux/files/home/whisper.cpp/lex_quantumkern.sh": "a718b490749425e56c21606d6b1f923e6741fdf3936458729847a4dc2ae4b9d5",
    "/data/data/com.termux/files/home/whisper.cpp/lex_replay.sh": "92b2337b8f0498c57951e576f3555f0c7d3502cf0ca17d9e3a000eec6149758b",
    "/data/data/com.termux/files/home/whisper.cpp/lex_speak.sh": "8326e3e19481c3ea8a31736806a9a377a6008b12d7496b1188209aa993b3234d",
    "/data/data/com.termux/files/home/whisper.cpp/lex_speicher.sh": "fcdec3df72a249f99a2bbe566e009fbfedc076e2cf75d5a637c4b4bc88f580fc",
    "/data/data/com.termux/files/home/QuantumShield/systemlogs/shadowbyte_workflow.log": "0444332d891116f9c68c38eacd6f160445dd6eda5f24073be9b5a068ad6d7321",
    "/data/data/com.termux/files/home/QuantumShield/terminal/lex_master_terminal.sh": "61f44906ce42b0846919ed232033a8361fcd391910d6aeb2d5c4e8a65ad5cc08",
    "/data/data/com.termux/files/home/QuantumShield/terminal/shadowbyte_scan.sh": "ed29b0a03056303471900efdadfd2838221941381fec190d2b5339a474ccc376",
    "/data/data/com.termux/files/home/lex_master_terminal.sh": "2bd6696edced29334a99a234c4184f7a94cd686b93d4c0d726da6a459aa01a33",
    "/data/data/com.termux/files/home/node_modules/mongodb/lib/operations/kill_cursors.js": "e481f2ee36c2d49c3146375a16e67b957f5089e83bd6533778a93c623f573a81",
    "/data/data/com.termux/files/home/node_modules/mongodb/lib/operations/kill_cursors.js.map": "1b1a39b1e8f6eb23be0eec8b14660d08ff2d3f825d6112ea384e9955f8735b50",
    "/data/data/com.termux/files/home/node_modules/mongodb/src/operations/kill_cursors.ts": "e67adc9d97a512dbc22b81fa02db862ef15ac8ddc590b42df596bdc35c459ed9",
    "/data/data/com.termux/files/home/.shadowvpn/shadowbyte_xbox.ovpn": "6fe47ffb573f66d98eef55faa3b2e6a1a3d39bd90c5fa96717ba0a76275d3894",
    "/data/data/com.termux/files/home/aureon/hidden_web/index.html": "172ac042f0daa9076c0402dec07febaa384f240cb3de5747c162d12dbd2e1467",
    "/data/data/com.termux/files/home/aureon/infinity_monster.sh": "9d9308b22f5c231b27865dc9f75f468b47adb5219cc15879951d8939043f7968",
    "/data/data/com.termux/files/home/aureon/infinity_system/infinity_start.sh": "8f1a0e8fb11ece69be2213cca42943af72f2cb13b847aa7b3ecc4b33eba26da2",
    "/data/data/com.termux/files/home/aureon/inputlog.txt": "c957bcf828fbdf6ec969485bc51c048b95888764db00066d384f8e23f6aba672",
    "/data/data/com.termux/files/home/aureon/lex_voice_core.py": "525d73d2f78d71c3cb384251d82ad3a6e63a167b86698001693f4ab33f2f51a4",
    "/data/data/com.termux/files/home/aureon/lex_voice_core.sh": "d1b1740d8d3c11fb63ea176ed287851223d51d710ded2b82f3f369587c77b06f",
    "/data/data/com.termux/files/home/aureon/lex_voice_menu.sh": "bcc23818172adf9b2a85afb23f95ee84b5178fc900f3a90ca60c044c426589f5",
    "/data/data/com.termux/files/home/aureon/logs/auto_fusion_20250615_154002.log": "3e2295c8852ee4c85e557b364121bd6311ef5637f9734d06f2bf6975c0a48a19",
    "/data/data/com.termux/files/home/aureon/logs/bootview.log": "bf30f93a1b19374f2d3794da25307a7fae298dd0c262b20255fb1e7b4b072ed9",
    "/data/data/com.termux/files/home/aureon/logs/master_setup_log_20250615_131900.txt": "ec17785c10d71cb24b42cce292ff559e96292fd263e09b16179e56f2ff41deb0",
    "/data/data/com.termux/files/home/aureon/logs/module_autofix_20250615_144240.log": "a48c83ceb2cd73f7a6b5ea6b778f6317d3b64ab2123ed339d804e1827af18b4f",
    "/data/data/com.termux/files/home/aureon/logs/module_autofix_20250615_144515.log": "d62f50fa5c33b4c186fadc85ffb8c5631ec0c6db26b7ba84bba0cd65aa255335",
    "/data/data/com.termux/files/home/aureon/logs/module_autofix_20250615_144942.log": "10b30faf6fe7904351adadf15c806f380c48bb459b9f832d38e06953f802cdd3",
    "/data/data/com.termux/files/home/aureon/logs/module_autofix_20250615_145655.log": "71b75b88529c9f12bb7061e5a295e07729c526058bd4b8c123492ba8add879f0",
    "/data/data/com.termux/files/home/aureon/logs/monster_final_20250615_152531.log": "2217bdfc4f4e8c33555d202db0732e09577bfbd662a62199882ba7310d139958",
    "/data/data/com.termux/files/home/aureon/logs/monster_final_20250615_152630.log": "f82c4d6dd584b8315607c37e46d6ec34074c27d3ce2bf09bfeb09f6eb98bb826",
    "/data/data/com.termux/files/home/aureon/logs/monster_final_20250615_152724.log": "4a61d7a19ec7551116cf61901826039bde8c2b23be32500c3651e080667ea76d",
    "/data/data/com.termux/files/home/aureon/logs/monster_final_20250615_154140.log": "d03a39d863966dd7243600b864e47aa3ae33bca32a05569bbd1fa144a4e64a08",
    "/data/data/com.termux/files/home/aureon/logs/monster_final_20250615_154223.log": "ccd70f38f8ba39e100328c6603b124172d8f1eaa4565461041251aa7c8f979d4",
    "/data/data/com.termux/files/home/aureon/logs/monster_final_20250615_154344.log": "04007945579e7385d55bc923303fb3fe93ec48a77c710f7362cabd0ab9e19106",
    "/data/data/com.termux/files/home/aureon/logs/monster_fix_20250615_145632.log": "8c3852e3d930047af397b28840e30baa0af15084c09ea41779883b63a6fa6d64",
    "/data/data/com.termux/files/home/aureon/logs/monster_fix_20250615_145723.log": "7518c35f5acb0741f7a0afdaaaa958827a6b5bbe85cb19259a231f5cf7726322",
    "/data/data/com.termux/files/home/aureon/logs/monster_fix_20250615_152135.log": "73bdaf8a728d3af1a620c451e893f469f49a0bb51704ccec880b3e21892edf59",
    "/data/data/com.termux/files/home/aureon/logs/monster_live_20250615_151419.log": "ddf981e23730c1a8a64ad077c40b2a04c00b3ec77d7ee2d0db36a4eab6b3c5e6",
    "/data/data/com.termux/files/home/aureon/logs/monster_live_20250615_151537.log": "2aa77aab6b6b800d35d55a2c9d61d1913b4e77cfa063eae61a3e98eb02bc8923",
    "/data/data/com.termux/files/home/aureon/logs/monster_live_20250615_151725.log": "9421c88c8eee9823bfbc4874539f1b41cf298cb9a738b86e1321a7c2dd05446c",
    "/data/data/com.termux/files/home/aureon/logs/monster_master_20250615_135135.log": "a2454f2cd5b13dd82e9ae119ff6b49ebc6ec1f5a5ed5ca2184fbdca879dd7dad",
    "/data/data/com.termux/files/home/aureon/logs/monster_master_20250615_135500.log": "5ed7ad4f2bd7a2543328dd334a2a666e243afbea50847412c0238e97ab16bc8d",
    "/data/data/com.termux/files/home/aureon/logs/monster_master_20250615_140359.log": "06bbf541f7965c62ca573669bb38a8ef2b52840ae53419917f6c9d671086b164",
    "/data/data/com.termux/files/home/aureon/logs/monster_master_20250615_140756.log": "8124063dc7483678410c9b3d83048692c917f28b66a93d8f9cb8483d1fbb221f",
    "/data/data/com.termux/files/home/aureon/logs/monster_master_20250615_141457.log": "049b9724615674a107d1feb1b97c9266137844fb548eb7f9ee82eaf8e393543c",
    "/data/data/com.termux/files/home/aureon/logs/monster_master_20250615_141650.log": "ef15beef22cc2364556fa21f42af759398ad355a7fdc3db41ccc74db0527c2cc",
    "/data/data/com.termux/files/home/aureon/logs/monster_master_20250615_145655.log": "452cd1dff566a041cd6239537146f8aaaf2e0f805ae0dd037b97f8001a12fb91",
    "/data/data/com.termux/files/home/aureon/logs/monster_universal_20250615_150535.log": "e520e230373843bf99506c4a7ebfa86096edec7fb224a70a075e6cb494046528",
    "/data/data/com.termux/files/home/aureon/logs/tor_startup.log": "d6e4c4b68b4736c12aeadddfc49a3e67221107070d046362ed66a85514f1b74f",
    "/data/data/com.termux/files/home/aureon/logs/universal_fix_20250615_144928.log": "15dd32cf6681c902aeb2478b0953b4a2197736dbcabb060bdde191e0c4fd5f81",
    "/data/data/com.termux/files/home/aureon/modules/orion_aufklaerung_guard.py": "c4467e5551c935a789a5daf48d10276043158f6d45e006e89a8fc1c7e1dd3af3",
    "/data/data/com.termux/files/home/aureon/modules/orion_auto_guard.py": "662501421349431e9503858f7a0a605cff7933eb46269eb7afb677d63344a7ad",
    "/data/data/com.termux/files/home/aureon/modules/orion_live_guard.py": "47752bca039792fa50759c94e341d58a78e3c78d65d7d9415be932fe19e34bc1",
    "/data/data/com.termux/files/home/aureon/mtk_apps.txt": "e3b0c44298fc1c149afbf4c8996fb92427ae41e4649b934ca495991b7852b855",
    "/data/data/com.termux/files/home/aureon/pids.txt": "e3b0c44298fc1c149afbf4c8996fb92427ae41e4649b934ca495991b7852b855",
    "/data/data/com.termux/files/home/aureon/protect/auth.txt": "1a1def331ba4984aa4fea7113fa7bfb503393e81df74ad53b07716500ab2b7a9",
    "/data/data/com.termux/files/home/aureon/protect/vpnbook_de20_tcp443.ovpn": "88cc75cf02ec14726d7f7c383e0236195bbe48a52d2953a0ff65cd3ccb396409",
    "/data/data/com.termux/files/home/aureon/scan/datei_log.txt": "e3b0c44298fc1c149afbf4c8996fb92427ae41e4649b934ca495991b7852b855",
    "/data/data/com.termux/files/home/aureon/scan/dienste.txt": "e3b0c44298fc1c149afbf4c8996fb92427ae41e4649b934ca495991b7852b855",
    "/data/data/com.termux/files/home/aureon/scan/inputlog.txt": "507f74788fa0391af9c4c15bddb3696109cb5007258db7bf7137c26d5e9ba859",
    "/data/data/com.termux/files/home/aureon/scan/log_zugriffe.txt": "a6bab1634db199194aaa0c1ad65c63eac4f373b5717ea24447dff4cd8ed0b70d",
    "/data/data/com.termux/files/home/aureon/scan/mtk_apps.txt": "e3b0c44298fc1c149afbf4c8996fb92427ae41e4649b934ca495991b7852b855",
    "/data/data/com.termux/files/home/aureon/scan/netzwerk.txt": "e3b0c44298fc1c149afbf4c8996fb92427ae41e4649b934ca495991b7852b855",
    "/data/data/com.termux/files/home/aureon/scan/orion_log.txt": "2a0f0ba61b6354db64bf5faa5036da45ef2c438e0e97eeac29e4f773f1f6560c",
    "/data/data/com.termux/files/home/aureon/scan/pids.txt": "e3b0c44298fc1c149afbf4c8996fb92427ae41e4649b934ca495991b7852b855",
    "/data/data/com.termux/files/home/aureon/scan/prozesse.txt": "15141a944fc63d9eed4c1c4c367d96eadd8c68217980409c58d4b88fd6f09cce",
    "/data/data/com.termux/files/home/aureon/scan/rechte.txt": "e3b0c44298fc1c149afbf4c8996fb92427ae41e4649b934ca495991b7852b855",
    "/data/data/com.termux/files/home/aureon/scan/suspected_overlays.txt": "e3b0c44298fc1c149afbf4c8996fb92427ae41e4649b934ca495991b7852b855",
    "/data/data/com.termux/files/home/aureon/scan/tartet...\"": "8f929f24047cda1776e8a44835106e26cd32e21d4fa6cb411b287fbf800aad88",
    "/data/data/com.termux/files/home/aureon/scan/zusammenfassung.txt": "5859464c1122a11ce788f949eca66cbb85c15dd4bb4dce3154c48dd4bb3c44ab",
    "/data/data/com.termux/files/home/aureon/setup/aureon_prepare_android.sh": "0491b0ceb6e504fb1cd283c5c74621f92295124792a8354bdd3a06ace5f3c2ae",
    "/data/data/com.termux/files/home/aureon/setup/setup_master_autostart.sh": "982f7b4b8a6d753e803c331c2b3ce83bc89691a4a12da519143a05815072a642",
    "/data/data/com.termux/files/home/aureon/setup_master_autostart.sh": "9072675f467a70dd1f46a74041b41d055bb909e242f1eed4839f77f85c68d525",
    "/data/data/com.termux/files/home/aureon/shadow_dawn/shadow_dawn_core.sh": "30d33809586c80bc198d7ce01aa19cebd3374908ae4fc0246e0997914e072cb7",
    "/data/data/com.termux/files/home/aureon/shadow_dawn/stealth_log.txt": "cf9db7f25fa5bf2e99069d0a1905b15f7bd814689a871ef40eb1513f3a7da275",
    "/data/data/com.termux/files/home/aureon/shield/aureon_shieldstrike_full.sh": "947c43a210b055a8731d8b9d9dbf60679c2daf9da1cd04fc7a41a33d66708a66",
    "/data/data/com.termux/files/home/aureon/suspected_overlays.txt": "e3b0c44298fc1c149afbf4c8996fb92427ae41e4649b934ca495991b7852b855",
    "/data/data/com.termux/files/home/aureon/terminal/aur_menu.sh": "ff074a9abe52e226c768291ebf8aa54d6245edb6d1285932fcc11e7d8540422a",
    "/data/data/com.termux/files/home/aureon/terminal/aureon_menu.sh": "7c9a52e5907b717f855b68d0ea20dba4003619aa71dd4a676c3c074d0efe7cce",
    "/data/data/com.termux/files/home/jotmalex.sh": "38850feea6962e7e5fb7e876b696964638533c22d3b0b12ea26e418a67ad760b",
    "/data/data/com.termux/files/home/kneo_lex_omnia/aureon_autostart_vpnmonster.sh": "5831010c875c5fc575bbd004bef0e2d5329ce78797c984fcf5c8cab40fd88281",
    "/data/data/com.termux/files/home/kneo_lex_omnia/aureon_vpnmonster_cleaned.sh": "1119e5d9e27f471786dd7ab75c6840aaf130e8fb85634affcd4b4ee68396e0f1",
    "/data/data/com.termux/files/home/kneo_lex_omnia/jotmalex.sh": "75fc94818598be640a042a7637da2dae09e88a1e52c55870b35638b0609c43df",
    "/data/data/com.termux/files/home/kneo_lex_omnia/jotmalex_protokoll.sh": "af4583122d86b6d07c10fd9964782ee3f91408c7faca8196219befca3eb30185",
    "/data/data/com.termux/files/home/kneo_lex_omnia/lex_aktivierung_terminal.sh": "1b32aeba536cca7e4ea45ca782b8799d93a1cb09274a9c4b35f52084fd298d75",
    "/data/data/com.termux/files/home/kneo_lex_omnia/lex_aktivierungsterminal.sh": "e288ddc5489b8ad3cedd65d0603790c4c4110b05be8ae0cbbbb660820d429da6",
    "/data/data/com.termux/files/home/kneo_lex_omnia/lex_antworten_modul.sh": "649ce1be5237ac0f85f56060e5740d69105a19f19560ef118bcb2acd4a1381f1",
    "/data/data/com.termux/files/home/kneo_lex_omnia/lex_core/lex_master_terminal.sh": "b7861887d57b4171dac789a5511667d15da935435bf040b14fad8f0fa2d7636c",
    "/data/data/com.termux/files/home/kneo_lex_omnia/lex_core/lex_terminal.py": "ad760f274013496670da29b55f371fb058695321a4a31eafb6531ed5c2f464ee",
    "/data/data/com.termux/files/home/kneo_lex_omnia/lex_ganzheit.sh": "60ed68eaf64ee76000360fc25a6c944c643fef43b0627e6824ae77e96c235f20",
    "/data/data/com.termux/files/home/kneo_lex_omnia/lex_kommandomen\u00fc_final.sh": "be777850bfb71709a0eb212bdc0412ee7ef653f5d4b52f29ebd3af7e88f0ba2a",
    "/data/data/com.termux/files/home/kneo_lex_omnia/lex_letzterdialog.sh": "48aad29a72cfc44021376bce07b9c5fd43aa74a1ced232b5d1fe11634d83c659",
    "/data/data/com.termux/files/home/kneo_lex_omnia/lex_master_terminal.sh": "0c38dbba866d1c24017573dcbcf5e5328e15073f19c3d5029ed35fb5aafa1a24",
    "/data/data/com.termux/files/home/kneo_lex_omnia/lex_quantumkern.sh": "9e08bb3cb7d0592c9f6a5c32e2ad3666f2a432be5b6e62bf36405bcda50ba9f0",
    "/data/data/com.termux/files/home/kneo_lex_omnia/lex_replay.sh": "63759333c146b3850a82c0a38069f0d797d3746ac971d53cb463a6c028ce59bb",
    "/data/data/com.termux/files/home/kneo_lex_omnia/lex_speak.sh": "e037466b49bde5371d62293d00e2c67d5fe9930a743cd1d7d8f17f93e22f8e17",
    "/data/data/com.termux/files/home/kneo_lex_omnia/lex_speicher.sh": "4b4143415e88c589c73f1d44d78ac18309771e6408a41cc208b5d9b35f3bfaed",
    "/data/data/com.termux/files/home/kneo_lex_omnia/lex_sprachsystem.sh": "2f02f43f6ced9c32fe205d778c0e1d5fccb92f42bb4f4c2bb33e3eeca98ee2a3",
    "/data/data/com.termux/files/home/kneo_lex_omnia/lex_sprachterminal_v2.sh": "fe79f8d43de521123e27e7930456947a4f2f4cd34069ec3df8c4e6e0f08b52e7",
    "/data/data/com.termux/files/home/kneo_lex_omnia/lex_supervisor_terminal.sh": "9555cbe5893488163a280c523cfdf7a9837ef770d4231a9a2c9c0179df166a78",
    "/data/data/com.termux/files/home/kneo_lex_omnia/lex_terminal_menu.sh": "4b7f625a71cd1b70482064b0f7752cd5529e7db08c530afd9c279adac0b1a621",
    "/data/data/com.termux/files/home/kneo_lex_omnia/lex_terminal_python.sh": "121e75f954a55fa5d395e7eb20e3741cb8711dd5e5bc21c53ff49450d0e2fa69",
    "/data/data/com.termux/files/home/kneo_lex_omnia/lex_terminal_v2.sh": "2a174c789f3a593b719e5bf583575c83669cace2bc6a6a0024bcd44c899c538b",
    "/data/data/com.termux/files/home/kneo_lex_omnia/lex_truth_scanner.sh": "c1066be5286d3dd0411ed61b75d1c096ac602cd5572b7c03a5aa7e1945f43752",
    "/data/data/com.termux/files/home/kneo_lex_omnia/lex_vpn_control.sh": "50d3352f36d7309ceddf509234f4e0d70723c3ad979930c76bcc0c4b7b633a11",
    "/data/data/com.termux/files/home/kneo_lex_omnia/shadow_launcher.sh": "d1eace9a3ba18c142ba587d6224d43a4404aa26c13c02e007c1230f40f738e8e",
    "/data/data/com.termux/files/home/kneo_lex_omnia/shadowbyte.sh": "c3a22f868411d8522e880ddebbb14821de32942bd628f5109f733c3d0dbefc9b",
    "/data/data/com.termux/files/home/kneo_lex_omnia/shadowbyte_vpn.sh": "d7954403a84a8d6f9ecfd6e061fea4cdf954df672cbd61b0228d13b9a5e04edf",
    "/data/data/com.termux/files/home/kneo_lex_omnia/shadowfinal.sh": "0e5e2e5679907bd60addb2b5a82f74a4153ab015646a87b741856a0dd979c29c",
    "/data/data/com.termux/files/home/kneo_lex_omnia/shadowroot.sh": "a62babf3976a8eee6bfa18fab41343820a9b31ebea4d0464c71a103db232a863",
    "/data/data/com.termux/files/home/routersploit/routersploit/modules/exploits/routers/ubiquiti/airos_6_x.py": "d9003dd692a4338bc350ca523cb3bc0721cfe4ef3e88c5912c977562fd7bb304",
    "/data/data/com.termux/files/home/shadowfinal/magisk.apk": "ae1a02b1ab608a51d5bc9b323e0588d06d30d9987ac8da01f4710d76f705dccb",
    "/data/data/com.termux/files/home/shadowfinal/magisk.zip": "ae1a02b1ab608a51d5bc9b323e0588d06d30d9987ac8da01f4710d76f705dccb",
    "/data/data/com.termux/files/home/shadowfinal/rootlog_2025-04-30.log": "88d5f28dec236cf98b0ae4aeaad4153ce04a5e88fbc042c3bbec7cbb2d5d2f22",
    "/data/data/com.termux/files/home/shadowreport.log": "b1826ca418ce0bc0478a61d3dc765cfb7c5fed7c9f4cc526e4fe93be9c898430",
    "/data/data/com.termux/files/home/shadowroot/magisk.apk": "ae1a02b1ab608a51d5bc9b323e0588d06d30d9987ac8da01f4710d76f705dccb",
    "/data/data/com.termux/files/home/shadowroot/magisk.zip": "ae1a02b1ab608a51d5bc9b323e0588d06d30d9987ac8da01f4710d76f705dccb",
    "/data/data/com.termux/files/home/shadowroot/shadowfinal.sh": "70589c3a9aa392dd92739e897e339372f043dfa6b3b1991dbd224e0ef764156e",
    "/data/data/com.termux/files/home/shadowroot/shadowroot.sh": "f3d08ab36b302c44d4605e40572cd804e9d2b2cbfd754a8e85c0715ebb4ca769",
    "/data/data/com.termux/files/home/.aurion_core/lex_input.txt": "01ba4719c80b6fe911b091a7c05124b64eeece964e09c058ef8f9805daca546b",
    "/data/data/com.termux/files/home/.aurion_gui/lex_gui_interface.py": "c7266eb385f8922dd13d06eecc1e979efa49e9f4347f5bc72e4b1256c10628ac",
    "/data/data/com.termux/files/home/.aurion_gui/lex_vpn_control.sh": "0c166be85c93523d8343265b8be09653e7a46d43a9fa68672235482296fe84c7",
    "/data/data/com.termux/files/home/.aurion_lex/lex_supervisor_terminal.sh": "864d5e218fca39ae70c0cebac77013b813df391e808b57fa66f821d74645187b",
    "/data/data/com.termux/files/home/.aurion_vpn/lex_vpn_control.sh": "0c166be85c93523d8343265b8be09653e7a46d43a9fa68672235482296fe84c7",
    "/data/data/com.termux/files/home/AUREON/aureon_ai_modules.txt": "89884e35aef00f4bdc74a902133baac11f23297f7e388592f05b2ceef4ae83d5",
    "/data/data/com.termux/files/home/AUREON/aureon_system_map.txt": "7b75445a9ba95bb6c39b4c01edadb601bb9f05872ca6946076ef89b02be75722",
    "/data/data/com.termux/files/home/aureon_ethic_core_vollmacht.py": "bca292a9cd64cde3e64ed8c71ba56a63a23441cf0096ebb7e856b70574c38713",
    "/data/data/com.termux/files/home/aureon_hidden/tor.log": "f9a2353bbaf55caef7d9eefee90fa77661bd7827e76df885fe247c094d8877ba",
    "/data/data/com.termux/files/home/aureon_hidden/webserver.log": "e3b0c44298fc1c149afbf4c8996fb92427ae41e4649b934ca495991b7852b855",
    "/data/data/com.termux/files/home/aureon_infinity_manifest/.git/COMMIT_EDITMSG": "20965c722d0b965343a7ebb5c932bc562cfd0a75c86275a0c6d74dc0fe0065a8",
    "/data/data/com.termux/files/home/aureon_infinity_manifest/.git/HEAD": "28d25bf82af4c0e2b72f50959b2beb859e3e60b9630a5e8c603dad4ddb2b6e80",
    "/data/data/com.termux/files/home/aureon_infinity_manifest/.git/config": "97f1f62ec1afa3c256de8dc7bf458f23bb0d60081c6678d3fed917ad2ef78cd1",
    "/data/data/com.termux/files/home/aureon_infinity_manifest/.git/description": "85ab6c163d43a17ea9cf7788308bca1466f1b0a8d1cc92e26e9bf63da4062aee",
    "/data/data/com.termux/files/home/aureon_infinity_manifest/.git/hooks/applypatch-msg.sample": "94f95b4ce4df0e89b8e267ec1634d9187c71802b78029833fdce4045aa6f08a5",
    "/data/data/com.termux/files/home/aureon_infinity_manifest/.git/hooks/commit-msg.sample": "02c451929405e2422b24650ab4e49db235cc74d2eb5a979ac03d6302d2a22cf2",
    "/data/data/com.termux/files/home/aureon_infinity_manifest/.git/hooks/fsmonitor-watchman.sample": "7e46526fc2841b0dcee8c6730d2a819a3826aa0786b25c566507ccf6bcadc1bb",
    "/data/data/com.termux/files/home/aureon_infinity_manifest/.git/hooks/post-update.sample": "f8a8e865862e210edfc56488db28ac0386f6f8f9ad08260d15ce26ffa9de89a5",
    "/data/data/com.termux/files/home/aureon_infinity_manifest/.git/hooks/pre-applypatch.sample": "e57b877b3902f9d1aede7779c0f84a410fd93cf0e04bddb351503829ddf08840",
    "/data/data/com.termux/files/home/aureon_infinity_manifest/.git/hooks/pre-commit.sample": "964431168c0016a3c95a162b33521d34d980926b0e482184dfc599af49b5bfd6",
    "/data/data/com.termux/files/home/aureon_infinity_manifest/.git/hooks/pre-merge-commit.sample": "5efbacab709d11ca887672440664e782d4e11f021879f415b68dfeadeae4624e",
    "/data/data/com.termux/files/home/aureon_infinity_manifest/.git/hooks/pre-push.sample": "74b00ff982a9de10b548a36682161f01eb40ad8263bbb4cebf5bfcf03ec756ea",
    "/data/data/com.termux/files/home/aureon_infinity_manifest/.git/hooks/pre-rebase.sample": "3ff0475974e08ce6d85658b20684f59fd36b02c44f8565fca85785f9aabc0e4f",
    "/data/data/com.termux/files/home/aureon_infinity_manifest/.git/hooks/pre-receive.sample": "bf8f6d6f740288cd6553dc2a236e97ee914cacf63c874982756c4cdb23f93bc4",
    "/data/data/com.termux/files/home/aureon_infinity_manifest/.git/hooks/prepare-commit-msg.sample": "6920f3f24cd33d57f24c1a5489f2af247c49dc978e96a885e018f867992ae7f8",
    "/data/data/com.termux/files/home/aureon_infinity_manifest/.git/hooks/push-to-checkout.sample": "8ff7cb671a9324bd72006d7b1517cc01b798610a59cdaa93ccdc436238f6e881",
    "/data/data/com.termux/files/home/aureon_infinity_manifest/.git/hooks/sendemail-validate.sample": "fd1f34006ffad4ab58df6386e8245cdcadb8f5cc3056256a61033246e89320c3",
    "/data/data/com.termux/files/home/aureon_infinity_manifest/.git/hooks/update.sample": "af1135f0b538e9f877b21b852f61b17f2cf3661df42b8831bd3b598fdc5f2127",
    "/data/data/com.termux/files/home/aureon_infinity_manifest/.git/index": "28b5c5544de3c1638a593ca0635c3c2b068987787416a36fa70864139450cc22",
    "/data/data/com.termux/files/home/aureon_infinity_manifest/.git/info/exclude": "6671fe83b7a07c8932ee89164d1f2793b2318058eb8b98dc5c06ee0a5a3b0ec1",
    "/data/data/com.termux/files/home/aureon_infinity_manifest/.git/logs/HEAD": "a6d59eef293d0002be6acadecc64a66f87b4a41c2696705be23da6a4c0dfd8cb",
    "/data/data/com.termux/files/home/aureon_infinity_manifest/.git/logs/refs/heads/main": "1e7471dbaa5c02caa3cca5a2ae14ddc5adf3c82cc851457144785a355d49f3d5",
    "/data/data/com.termux/files/home/aureon_infinity_manifest/.git/objects/3e/71d2fd5db59e3ebc00c78db9703cf61c92d71b": "1c7b241f2d8f9405415fbd7afbd6b83d2de48b15a9955f44bddc5032b0ef772d",
    "/data/data/com.termux/files/home/aureon_infinity_manifest/.git/objects/7a/f7a395a12a17de1f09a0a7dad5624dfa1e1e04": "471c25e6a62bfcd7265b19f016a0153a81810a3370a5f31b9b94bd77d12bc798",
    "/data/data/com.termux/files/home/aureon_infinity_manifest/.git/objects/f1/de7c2636e7ed3e0df3a23424387ae6a833b2c4": "356a417a073440ad340269d43a145cdc5cff0dda4e679a64ba1ad4a11284807b",
    "/data/data/com.termux/files/home/aureon_infinity_manifest/.git/refs/heads/main": "debaca281a6bcca7ff15c02640eb4f6c36eabc9dacb6a39afc6445817e9c53d2",
    "/data/data/com.termux/files/home/aureon_infinity_manifest/README.md": "c123082640223ca59ce2646b1fe967616da1076fd32cf3760b8fb9c46db1e352",
    "/data/data/com.termux/files/home/infinity_core/misc/aureon_prepare_android.sh": "0491b0ceb6e504fb1cd283c5c74621f92295124792a8354bdd3a06ace5f3c2ae",
    "/data/data/com.termux/files/home/infinity_core/misc/setup_master_autostart.sh": "9072675f467a70dd1f46a74041b41d055bb909e242f1eed4839f77f85c68d525",
    "/data/data/com.termux/files/home/infinity_core/security/aureon_shieldstrike_full.sh": "947c43a210b055a8731d8b9d9dbf60679c2daf9da1cd04fc7a41a33d66708a66",
    "/data/data/com.termux/files/home/infinity_core/ui/aureon_menu.sh": "7c9a52e5907b717f855b68d0ea20dba4003619aa71dd4a676c3c074d0efe7cce",
    "/data/data/com.termux/files/home/lex_modules_core/__pycache__/say_hub.cpython-312.pyc": "fa0221b11634bd05b8ccc87498a344f8a3da99a6a1046262998f1005f9bce7c6",
    "/data/data/com.termux/files/home/lex_modules_core/say_hub.py": "47f08560ac547ff42a2c8ba03ee1b6b3a526867a29a2b60d180a33ed9af9697f",
    "/data/data/com.termux/files/home/lex_modules_core/say_hub_20250613_220119.bak.py": "ad8343ea296a286f80d560baed23f51746bfcbd59f7f1fe83bc4a450702a3cdf",
    "/data/data/com.termux/files/home/lex_modules_core/say_hub_diagnose_link.py": "5d6cadc16d38a076e9c600b0cf0063a3c59319d0d4e40ee50c25087aa6b04538",
    "/data/data/com.termux/files/home/logs/aureon_autostart_20250615.log": "37a520f64988d0d972693226e4005ce7f17bf369970f45dfdcb9f635ec8c10ab",
    "/data/data/com.termux/files/home/logs/shadow_diag_report_20250613_224437.json": "fc6a0a93875ee4756e7ef19c362a3a231ed96cadedc5e9c21692679808742527",
    "/data/data/com.termux/files/home/logs/shadow_diag_report_20250613_224749.json": "3f2b601cec053f26bc25ada862a09589a5a6ee21ee4ee64460197d0f59f074db",
    "/data/data/com.termux/files/home/logs/shadow_diag_report_20250613_225137.json": "7534394b4e21adef87780cd01c12cd580012d5a43cd79d7979f94447d08dae19",
    "/data/data/com.termux/files/home/logs/shadow_diag_report_20250613_225425.json": "29bd37b5334212f047c22bf72890d48c2b902ae661aa4eaa237e20f1d859dfb3",
    "/data/data/com.termux/files/home/logs/shadow_diag_report_20250613_225701.json": "0b9bebfc6063d3a9c322990f59eed89abab94762ae5194268524c04d9f489859",
    "/data/data/com.termux/files/home/logs/shadow_diag_report_20250613_231637.json": "229e6036b97196335f54a2f150e9515da467d3474cff0c038d007f1bf6a8403b",
    "/data/data/com.termux/files/home/logs/shadow_diag_report_20250613_231720.json": "4daf4a6bacc5c620d9da5f4c359b66a28cf96cc700160fbe919bc8c538ec2b19",
    "/data/data/com.termux/files/home/logs/shadow_diag_report_20250613_231746.json": "c058dda03ef9f8a8647d2c0c28a604e8a1516b0c651f2f403f2e655470cf04cf",
    "/data/data/com.termux/files/home/logs/shadow_diag_report_20250613_231923.json": "3bc512f77244246dce089974146dfbacadc4acc41c51aeea138570ef46821556",
    "/data/data/com.termux/files/home/logs/shadow_diag_report_20250613_233313.json": "70e4fd06f016f45e56cbf6f84bea8da2a9c036478f73b598ef402768ecc80b70",
    "/data/data/com.termux/files/home/logs/shadow_diag_report_20250613_233323.json": "444a2394e31169fff0c2a57849a2487f16888409d325301f07c4d36ebe78a887",
    "/data/data/com.termux/files/home/logs/shadow_diag_report_20250613_233534.json": "7bc00119f54adcaeb3fd4f1968b65a1da8815aee4c4a92b884fc004db31d0e7d",
    "/data/data/com.termux/files/home/logs/shadow_diag_report_20250613_233609.json": "6b58a8945785f7469deffba8bb1f4b7b429f7faef5989b3ffc9ad3940fc4cd5f",
    "/data/data/com.termux/files/home/logs/shadow_diag_report_20250613_233659.json": "29b86057c995388d94797ac18063661a92404626ea5607d7130c882bcf2f6e49",
    "/data/data/com.termux/files/home/logs/shadow_diag_report_20250613_233910.json": "1381381b1174068276f28b9d4dd25d6f76662c6571785fd0271326a49bec6dd3",
    "/data/data/com.termux/files/home/logs/shadow_diag_report_20250614_190007.json": "dd4c6e0028065dfacefc47bcba816397614daae734751e5a6a5f4d9969db28a6",
    "/data/data/com.termux/files/home/logs/shadow_diag_report_20250614_190018.json": "e16f419c64d4d115623132fb9379f4023e07c7d21fcb80a11b84c22712b48ec8",
    "/data/data/com.termux/files/home/logs/shadow_diag_report_20250614_190230.json": "f0623bba4faf13fe692026516736d8388ffed0def4d98b969bf9440decd4d844",
    "/data/data/com.termux/files/home/logs/shadow_diag_report_20250615_085919.json": "9da2ddce5200d75248a9bc81cc33735645db96f4ab84cd932450087f13c4844c",
    "/data/data/com.termux/files/home/logs/shadow_diag_report_20250615_085935.json": "fabc3fa6b4069de3d213385cd6acc8fefd6d6c9f8f911623f11205c0bc7b9bbb",
    "/data/data/com.termux/files/home/logs/shadow_diag_report_20250615_090147.json": "13855a088451544ce7ff8be62d34f6efaf490d25463ed4f4380ea4a3e83f3d1b",
    "/data/data/com.termux/files/home/logs/shadow_diag_report_20250615_090712.json": "43471fb00ab7fcff20a24802e5becceaa1cc4215b749ca0c52f21815122e70db",
    "/data/data/com.termux/files/home/logs/shadow_diag_report_20250615_090718.json": "72f8d6620fb504fff35e3566458f5efb608350b3b484f82f4fca925efffec3ed",
    "/data/data/com.termux/files/home/logs/shadow_diag_report_20250615_101742.json": "c83c57ac126ec67ecf1fd4e668d8eb8f0aba5aac07daa981dc8d77b47e0cdc9c",
    "/data/data/com.termux/files/home/logs/shadow_diag_report_20250615_101745.json": "6c1be3579c9c7eac3565e3fe558a72e128c465502a78d3253b4d27c40c65c93a",
    "/data/data/com.termux/files/home/logs/shadow_diag_report_20250615_101907.json": "cea03696167bf3f77011be91117f863a7228669797e58e27efde89ca1dee5099",
    "/data/data/com.termux/files/home/logs/shadow_diag_report_20250615_135645.json": "1d6c301c6578ba8f84768066b031258f9d63adf060ba8b60e217d65a20990791",
    "/data/data/com.termux/files/home/logs/shadow_diag_report_20250615_135651.json": "638b78ad9ae1ea8961fde38c99af548e9cae6164accbf2de20a1ea25cdc0e4a9",
    "/data/data/com.termux/files/home/logs/shadow_diag_report_20250615_140228.json": "cfbd02d831de778202182eb45265f0f31c6f76ab4304a263eff49d06f0a566d2",
    "/data/data/com.termux/files/home/logs/shadow_diag_report_20250615_140441.json": "cb7612bc31034c22eaf77327fd36e08cd243aa10714b6e7afc2c79d328cc04bd",
    "/data/data/com.termux/files/home/logs/shadow_diag_report_20250615_140448.json": "31a880a677aa930ab9247cd227eaf786ad0e60f266f1794036ad4974962a31b1",
    "/data/data/com.termux/files/home/logs/shadow_diag_report_20250615_140454.json": "a83640fd8b921a9bf7b7e9c996de1b62f88209ad3d626abc8ac26b6be18a8a20",
    "/data/data/com.termux/files/home/logs/shadow_diag_report_20250615_140652.json": "01210c861cb8d5114b2ddc806a1ce420de2cd11e941c664ec1501fbeb7b234a5",
    "/data/data/com.termux/files/home/orion_guard/installers/deb/usr/share/orion_guard/vpn_profiles/ShadowByte_OVPN.ovpn": "ed4d78158c70b035aafc485387ae6cdb2ecf0b15222ba5b57d0b6677d00edb47",
    "/data/data/com.termux/files/home/orion_guard/vpn_profiles/ShadowByte_OVPN.ovpn": "ed4d78158c70b035aafc485387ae6cdb2ecf0b15222ba5b57d0b6677d00edb47",
    "/data/data/com.termux/files/home/qshield_local/AUREON_RELEASE_DENNIS_MAIER.zip": "453f6c42334b13121f18f354f46f45240f1a665de9b12d47e2f48b206096b16a",
    "/data/data/com.termux/files/home/quantumshield/core/lex_sprachlog.py": "11b15ee95c2d631befde30476636df60afbf67244e671ef3cb5500f476327545",
    "/data/data/com.termux/files/home/quantumshield/core/lex_startup.py": "0a313820e447e74fc1fa32173fdef720cde19181807136909b78e82f6188fe33",
    "/data/data/com.termux/files/home/quantumshield/core/lex_supervisor_core.py": "19ee75f88c057330a329a236ce21e6b782dece42a479dcea7be4fce999543c60",
    "/data/data/com.termux/files/home/quantumshield/core/lex_supervisor_menu.py": "d6b6da34c573eeb83f1b81166939d993732f6f68d162d38c45eb0490c3205bc5",
    "/data/data/com.termux/files/home/quantumshield/core/lex_supervisor_reaktiv.py": "f00228834a0c9fa2a75d16b81865f28560439facf24f9b92344ab19b0df370bd",
    "/data/data/com.termux/files/home/quantumshield/core/lex_supervisor_socketlink.py": "de7021f93724a4a5a69b1c39637a76b6dbbb86a0104a0977c2e634661ee34971",
    "/data/data/com.termux/files/home/quantumshield/core/lex_supervisor_treewalker.py": "f8cd64771b1587e18cff6c4683c4f439605574b67c8fb07c0e3f0f1ebdf2a505",
    "/data/data/com.termux/files/home/quantumshield/core/shadowcore_logger.py": "c8df2ac63c9087ce3c6f8ad48a6f4214cc2d8d40b13a67731fa772ce75db7b22",
    "/data/data/com.termux/files/home/quantumshield/core/shadowcore_receiver.py": "30003dd44994803d364647de59eeb77e46947d5fd298ab3770b12a67c6378db5",
    "/data/data/com.termux/files/home/quantumshield/lex_change_brain.md": "02426b0a734c9394f29842693418dabc650beede98d63b45d8575cf55b5f106a",
    "/data/data/com.termux/files/home/quantumshield/lex_dateisuche.py": "f4c9186ccb05550a2fa2ec3532cf45a97a5fe51dfed8bc5d65ce8b57d2332d21",
    "/data/data/com.termux/files/home/quantumshield/lex_dialog.py": "09a3516dabf8abc57cc117d4a040f98f41a10d60e84176f9686ab4dc7b5ee0f1",
    "/data/data/com.termux/files/home/quantumshield/lex_lernsystem.py": "df025333a668c9c99e6d7e891b0f11e3d80133a809494944b973b23d5d41da3c",
    "/data/data/com.termux/files/home/quantumshield/lex_sicherheitslayer.py": "c2fa1b1bd6ec9a52751c4626f44899621c8a4a8c8a71cb293a52b33561a56a00",
    "/data/data/com.termux/files/home/quantumshield/lex_supervisor.py": "560de5dd82920635292d6e267cb9f5bce909d8048345df69de8c83af36e66728",
    "/data/data/com.termux/files/home/quantumshield/lex_to_kali_link.py": "e3b0c44298fc1c149afbf4c8996fb92427ae41e4649b934ca495991b7852b855",
    "/data/data/com.termux/files/home/quantumshield/shadowcore.service": "13f7567919f8d47591749cdb5c84a56a06e35a1fd6ac96d1e0ca76209cabdc5d",
    "/data/data/com.termux/files/home/shadow_launcher.sh": "562619a588a56cb0c99e49a6c235d065135cbb95dcf9c4e38fad8fe62f56719b",
    "/data/data/com.termux/files/home/shadowbyte_meine_skripte_liste.txt": "5a0821a6bcffc96951f622717a5f79c791c2b2abefcfc1d12723815ecdde4075",
    "/data/data/com.termux/files/home/tools/aureon_autostart_vpnmonster.sh": "45b71fe98efe5f530b825dce6f5049d738e9c16869f10be4370ab81a9912d4a6"
}